oid,mjd,mag,magerr,catflags,filtercode,ra,dec
567307300020081,58936.2489699,19.1838627,0.0731969848,0,zi,122.7891568,17.4913787
